{
  "p0.5": 50.21238112056697,
  "p40": 156.3174737294515
}