{
  "p0.5": 0.5673747361400394,
  "p40": 0.9717248257782141
}